Simple Random ,Systematic,Cluster,Stratified ,Bootstrap
94.27083333333334,88.02083333333334,89.87341772151899,89.58333333333334,91.14583333333334
94.27083333333334,89.0625,89.87341772151899,92.1875,93.75
93.22916666666666,89.58333333333334,89.87341772151899,95.83333333333334,93.22916666666666
97.39583333333334,95.83333333333334,94.30379746835443,98.4375,98.4375
85.9375,76.04166666666666,92.40506329113924,83.33333333333334,82.8125
